Food Item,Serving Size,Calories,Total Fat,Total Carb,Sat Fat,Dietary Fiber,Trans Fat,Sugar,Cholesterol,Protein,Sodium,Dietary Restrictions
Buttermilk Pancakes,2 ea,162,1.6g,33.4g,0.1g,0.7g,0g,6.1g,0mg,3.4g,423.9mg,"Vegetarian, Soy, Egg, Milk, Halal"
Cage-Free Scrambled Eggs,3 oz,50,0.9g,1.4g,0.2g,0g,0g,1.4g,0mg,8.4g,160.3mg,"Vegetarian, Egg, Gluten Friendly, Halal"
Hard-boiled Cage Free Egg (1),1 ea,86,5.8g,0.4g,1.9g,0g,0g,0.2g,225mg,7.6g,85.9mg,"Vegetarian, Egg, Gluten Friendly, Halal"
Harissa Potatoes,3 oz,104,4.1g,15g,0.7g,1.3g,0g,1.8g,0mg,1.8g,21.9mg,"Vegan, Gluten Friendly, Vegetarian, Halal"
Natural Bridges Tofu Scramble,4 oz,154,10.1g,5.4g,1.5g,2.4g,0g,1.1g,0mg,14.1g,228.8mg,"Vegan, Soy, Gluten Friendly, Vegetarian, Halal"
Organic Gluten-Free Oatmeal,6 ozl,191,3.1g,33.6g,0.6g,0g,0g,0g,0mg,6.4g,230.6mg,"Vegan, Gluten Friendly, Vegetarian, Halal"
Turkey Sausage Patties,2 ea,150,10g,1g,3g,0g,0g,1g,49.9mg,12g,399.3mg,Gluten Friendly
Steamed Rice,4 oz,144,0g,33.2g,0g,0g,0g,0g,0mg,2.8g,21.2mg,"Vegan, Gluten Friendly, Vegetarian, Halal"
Apple Cinnamon Muffin,1 ea,283,14.3g,37.8g,1.7g,0.8g,0.1g,22.4g,0.4mg,1.9g,279.8mg,"Vegetarian, Soy, Egg, Milk, Alcohol, Halal"
Lemon Poppyseed Muffin,1 ea,288,15.2g,36.8g,1.8g,0.6g,0.1g,21.8g,0.4mg,2.1g,283.5mg,"Vegetarian, Soy, Egg, Milk, Alcohol, Halal"
Vegan Fruit and Peanut Granola,2 oz,269,13.9g,31.5g,2.8g,1.4g,0g,11.5g,0mg,6.6g,16.3mg,"Vegan, Peanuts, Tree Nut, Sesame, Gluten Friendly, Alcohol, Vegetarian, Halal"
Zucchini Bread,1 slice,501,26.4g,64.4g,3.1g,1.6g,0.1g,37.1g,0.7mg,3.7g,502.7mg,"Vegetarian, Soy, Egg, Milk, Alcohol, Halal"
Cinnamon Puffins Cereal,1 oz,95,0.9g,24.6g,0g,0g,0g,5.7g,0mg,1.9g,141.8mg,"Vegan, Vegetarian, Halal"
Cinnamon Toasters,1 oz,123,3.3g,22.7g,0.5g,0g,0g,9.5g,0mg,0.9g,132.3mg,"Vegan, Soy, Vegetarian, Halal"
Crunchy Maple Sunrise Cereal,1 ozl,21,0.2g,4.9g,0g,0.6g,0g,1.3g,0mg,0.3g,25.8mg,"Vegan, Gluten Friendly, Vegetarian, Halal"
Honey'd Corn Flakes,1 ozl,21,0.7g,4.8g,0g,0.1g,0g,0.7g,0mg,0.4g,18.8mg,"Vegetarian, Gluten Friendly, Halal"
Kellogg's Rice Krispies,1 oz,156,0g,31.9g,0g,0g,0g,9.9g,3.5mg,6.4g,198.5mg,"Vegetarian, Halal"
Leapin' Lemurs Organic Peanut Butter Chocolate Cereal,1 oz,126,1.6g,26.3g,0g,2.1g,0g,8.4g,0mg,2.1g,120.8mg,"Vegan, Soy, Peanuts, Gluten Friendly, Vegetarian, Halal"
Marshmallow Mateys,1 oz,113,0.9g,23.6g,0g,0g,0g,12.3g,0mg,1.9g,189mg,Pork
Organic Gluten-Free Corn Flakes,1 1/4 ozl,19,0g,4.3g,0g,0.1g,0g,0.4g,0mg,0.4g,14.4mg,"Vegan, Gluten Friendly, Vegetarian, Halal"
Organic Mesa Sunrise,1 ozl,21,0.3g,4.1g,0g,0g,0g,0.7g,0mg,0.5g,22.3mg,"Vegan, Gluten Friendly, Vegetarian, Halal"
Raisin Bran,1 oz,106,0.7g,21.6g,0g,0g,0g,9.6g,0mg,2.4g,163.4mg,"Vegetarian, Halal"
Sunrise Crunchy Cinnamon Cereal,1 ozl,21,0.2g,5g,0g,0.6g,0g,1.1g,0mg,0.4g,21.5mg,"Vegan, Gluten Friendly, Vegetarian, Halal"
Toasty Os,1 oz,101,2g,20.3g,0.5g,0g,0g,1g,0mg,3g,141.8mg,"Vegan, Soy, Vegetarian, Halal"
Tootie Frooties,1 oz,115,0.9g,24.8g,0g,0g,0g,13.3g,0mg,1.8g,132.9mg,"Vegan, Vegetarian, Halal"
Apples,2 oz,32,0.1g,7.8g,- g,0.5g,0g,5.9g,- mg,0.1g,0.6mg,"Vegan, Gluten Friendly, Vegetarian, Halal"
Applesauce,2 ozl,23,0g,5.6g,0g,0.9g,0g,5.1g,0mg,0g,0mg,"Vegan, Gluten Friendly, Vegetarian, Halal"
Banana,2 oz,50,0.2g,13g,0.1g,1.5g,0g,6.9g,0mg,0.6g,0.6mg,"Vegan, Gluten Friendly, Vegetarian, Halal"
Blueberries,2 oz,29,0.4g,6.9g,0g,1.5g,0g,4.8g,0mg,0.2g,0.6mg,"Vegan, Gluten Friendly, Vegetarian, Halal"
Cantaloupe Melon,2 oz,19,0.1g,4.6g,0g,0.5g,0g,4.2g,0mg,0.5g,9.1mg,"Vegan, Gluten Friendly, Vegetarian, Halal"
Cottage Cheese,2 oz,50,2.3g,2g,1.5g,0g,0g,2g,7.5mg,6.5g,200.7mg,"Vegetarian, Milk, Gluten Friendly, Halal"
Dried Apricot,1 oz,68,0.1g,17.8g,0g,2.1g,0g,15.2g,0mg,1g,2.8mg,"Vegan, Gluten Friendly, Vegetarian, Halal"
Dried Cranberries,1 oz,87,0.3g,23.5g,0g,1.5g,0g,20.6g,0mg,0g,1.4mg,"Vegan, Gluten Friendly, Vegetarian, Halal"
Dry Roasted Peanuts,1 oz,166,14.1g,6g,2.2g,2.4g,0g,1.4g,0mg,6.9g,1.7mg,"Vegan, Peanuts, Gluten Friendly, Vegetarian, Halal"
French Vanilla Coffee Creamer,1/2 ozl,31,1.3g,4.5g,0g,0g,0g,4.5g,0mg,0g,4.5mg,"Vegetarian, Milk, Tree Nut, Gluten Friendly, Halal"
Fresh Pineapple,2 oz,28,0.1g,7.4g,0g,0.8g,0g,5.6g,0mg,0.3g,0.6mg,"Gluten Friendly, Vegan, Vegetarian, Halal"
Fresh Pineapple,2 oz,28,0.1g,7.4g,0g,0.8g,0g,5.6g,0mg,0.3g,0.6mg,"Vegan, Gluten Friendly, Vegetarian, Halal"
Fuji Apples,1 ea,98,0.3g,26.1g,0.1g,4.5g,0g,19.6g,0mg,0.5g,1.9mg,"Vegan, Gluten Friendly, Vegetarian, Halal"
Green Grapes,2 oz,39,0.1g,10.3g,0g,0.5g,0g,8.8g,0mg,0.4g,1.1mg,"Vegan, Gluten Friendly, Vegetarian, Halal"
Half & Half,2 ozl,70,5.9g,2.7g,3.8g,0g,0.3g,2.3g,19.8mg,1.8g,34.6mg,"Vegetarian, Milk, Gluten Friendly, Halal"
Hazelnut Coffee Creamer,1/2 ozl,31,1.3g,4.5g,0g,0g,0g,4.5g,0mg,0g,4.5mg,"Vegetarian, Milk, Tree Nut, Gluten Friendly, Halal"
Honeydew Melon,2 oz,20,0.1g,5.2g,0g,0.5g,0g,4.6g,0mg,0.3g,10.2mg,"Vegan, Gluten Friendly, Vegetarian, Halal"
Mandarins,1 ea,48,0.3g,12.1g,0g,1.6g,0g,9.6g,0mg,0.7g,1.8mg,"Vegan, Gluten Friendly, Vegetarian, Halal"
Mango,2 oz,34,0.2g,8.5g,0.1g,0.9g,0g,7.6g,0mg,0.5g,0.6mg,"Vegan, Gluten Friendly, Vegetarian, Halal"
Oranges,1 ea,75,0.2g,18.7g,0g,3.8g,0g,14.9g,0mg,1.5g,0mg,"Vegan, Gluten Friendly, Vegetarian, Halal"
Organic Vegan Sugar,1/4 oz,27,0g,7.1g,- g,0g,0g,7.1g,0mg,0g,0mg,"Vegan, Gluten Friendly, Vegetarian, Halal"
Pear Slices,2 oz,32,0g,8.6g,0g,0.9g,0g,6.9g,0mg,0.1g,2.8mg,"Vegan, Gluten Friendly, Vegetarian, Halal"
Pears,2 oz,35,0.1g,9.3g,0g,1.9g,0g,6g,0mg,0.2g,0.6mg,"Vegan, Gluten Friendly, Vegetarian, Halal"
Pineapple Chunks,2 oz,34,0g,8.9g,0g,0.6g,0g,8.2g,0mg,0.2g,0.6mg,"Vegan, Gluten Friendly, Vegetarian, Halal"
Plain Cashew Milk Yogurt,4 oz,83,5.3g,6.8g,1.1g,0.8g,0g,0.8g,0mg,2.3g,3.8mg,"Vegan, Tree Nut, Gluten Friendly, Vegetarian, Halal"
Plain Coconut Milk Yogurt,1/4 ea,80,4.5g,12g,4g,0g,0g,8g,0mg,0g,5mg,"Vegan, Gluten Friendly, Tree Nut, Vegetarian, Halal"
Plain Soy Milk Yogurt,2 oz,37,1.3g,3.3g,0.2g,0.7g,0g,1.7g,0mg,2.3g,21.7mg,"Vegan, Soy, Gluten Friendly, Vegetarian, Halal"
Plain Yogurt,4 oz,69,3.7g,5.3g,2.4g,0g,- g,5.3g,14.7mg,3.9g,52.2mg,"Vegetarian, Milk, Gluten Friendly, Halal"
Pure Clover Honey,1 ozl,86,0g,23g,0g,0g,0g,21.5g,0mg,0.2g,0.8mg,"Vegetarian, Gluten Friendly, Halal"
Raisins,1 oz,85,0.1g,22.4g,0g,1g,0g,16.8g,0mg,0.9g,3.1mg,"Vegan, Gluten Friendly, Vegetarian, Halal"
Red Apples,1 ea,96,0.3g,23g,- g,1.5g,0g,17.1g,- mg,0.4g,1.6mg,"Vegan, Gluten Friendly, Vegetarian, Halal"
Red Grapes,2 oz,39,0.1g,10.3g,0g,0.5g,0g,8.8g,0mg,0.4g,1.1mg,"Vegan, Gluten Friendly, Vegetarian, Halal"
Ruby Red Grapefruit,1/2 ea,88,0.3g,22.4g,0g,3.4g,0g,14.5g,0mg,1.6g,0mg,"Vegan, Gluten Friendly, Vegetarian, Halal"
Sliced Almonds,1 oz,164,14.2g,6.1g,1.1g,0g,0g,1.2g,0mg,6g,0.3mg,"Vegan, Peanuts, Tree Nut, Gluten Friendly, Vegetarian, Halal"
Sliced Peaches,2 oz,27,0g,7.3g,0g,0.5g,0g,6.9g,0mg,0.5g,0mg,"Vegan, Gluten Friendly, Vegetarian, Halal"
Splenda,1 ea,4,0g,1g,0g,0g,0g,0g,0mg,0g,0mg,"Vegan, Gluten Friendly, Vegetarian, Halal"
Strawberries,2 oz,18,0.2g,4.4g,0g,1.1g,0g,2.8g,0mg,0.4g,0.6mg,"Vegan, Gluten Friendly, Vegetarian, Halal"
Sunflower Seeds,1 oz,134,11.3g,4.9g,1.2g,0g,0g,0g,0mg,5.7g,0mg,"Vegan, Gluten Friendly, Vegetarian, Halal"
Sweetened Shredded Coconut,1 oz,142,10.1g,13.5g,8.9g,1.3g,- g,12.2g,0mg,0.8g,74.3mg,"Vegan, Tree Nut, Gluten Friendly, Alcohol, Vegetarian, Halal"
Tropical Fruit Salad,2 oz,33,0g,7.4g,0g,0.9g,0g,6.5g,0mg,0.5g,0mg,"Vegan, Gluten Friendly, Vegetarian, Halal"
Unsweetened Coconut Milk Vegan Yogurt,4 ea,2074,121g,242g,121g,0g,0g,34.6g,0mg,0g,3283.9mg,"Vegan, Tree Nut, Gluten Friendly, Vegetarian, Halal"
Vanilla Cashew Milk Yogurt,4 oz,83,5.3g,6.8g,1.1g,0.8g,0g,0.8g,0mg,2.3g,3.8mg,"Vegan, Tree Nut, Gluten Friendly, Vegetarian, Halal"
Watermelon,2 oz,17,0.1g,4.3g,0g,0.2g,0g,3.5g,0mg,0.3g,0.6mg,"Vegan, Gluten Friendly, Vegetarian, Halal"
Whipped Cream,2 tbsp,15,1.3g,0.7g,0.8g,0g,- g,0.5g,4.3mg,0.2g,0.5mg,"Vegetarian, Milk, Gluten Friendly, Halal"
White Peach,2 oz,22,0.1g,5.4g,0g,0.8g,0g,4.6g,0mg,0.5g,0mg,"Vegan, Gluten Friendly, Vegetarian, Halal"
Whole Milk Greek Yogurt,4 ozl,105,4.8g,4.8g,3.2g,0g,0g,3.2g,24.2mg,10.5g,44.4mg,"Vegetarian, Milk, Gluten Friendly, Halal"
Yellow Peach,2 oz,22,0.1g,5.4g,0g,0.8g,0g,4.6g,0mg,0.5g,0mg,"Vegan, Gluten Friendly, Vegetarian, Halal"
A1 Steak Sauce,1 ozl,26,0g,5.2g,0g,0g,0g,3.5g,0mg,0g,505.4mg,"Vegan, Gluten Friendly, Vegetarian, Halal"
Almond Butter,2 oz,337,30.1g,12.4g,2.7g,7.1g,0g,3.5g,0mg,12.4g,0mg,"Vegan, Tree Nut, Gluten Friendly, Vegetarian, Halal"
Annie's Balsamic Vinaigrette,1 ozl,103,10.3g,2.1g,1g,0g,0g,1g,0mg,0g,62.1mg,"Vegetarian, Gluten Friendly, Halal"
Annie's Organic French Dressing,1 ozl,110,10g,3g,1g,0g,0g,3g,0mg,0g,180mg,"Vegan, Gluten Friendly, Vegetarian, Halal"
Annie's Sesame Ginger Dressing,1 ozl,87,7.7g,3.9g,1g,0g,0g,2.9g,0mg,1g,241.9mg,"Vegetarian, Soy, Sesame, Gluten Friendly, Alcohol, Halal"
Annie's Vegan Lemon Tahini Dressing,1 ozl,119,11.9g,2g,1g,1g,0g,0g,0mg,1g,335.8mg,"Vegan, Soy, Sesame, Alcohol, Vegetarian, Halal"
Annie's Vegan Shiitake Sesame Dressing,1 ozl,130,13g,2g,1g,0g,0g,0g,0mg,1g,270mg,"Vegan, Soy, Sesame, Vegetarian, Halal"
Apricot Preserves,1 oz,64,0g,17g,0g,0g,0g,12.8g,0mg,0g,0mg,"Vegan, Gluten Friendly, Vegetarian, Halal"
BBQ Sauce,1 ozl,37,0g,8.2g,0g,0g,0g,6.6g,0mg,0g,386.8mg,"Vegan, Gluten Friendly, Vegetarian, Halal"
Balsamic Vinaigrette,1 ozl,58,4.9g,4.9g,0.5g,0g,0g,3.9g,0mg,0g,194.3mg,"Vegan, Soy, Gluten Friendly, Vegetarian, Halal"
Balsamic Vinegar,1/2 oz,10,0g,2g,0g,0g,0g,2g,0mg,0g,0mg,"Vegan, Gluten Friendly, Vegetarian, Halal"
Blackberry Jam,1 each,36,0g,9.3g,0g,0g,0g,8.6g,0mg,0g,0mg,"Vegan, Gluten Friendly, Vegetarian, Halal"
Chunky Blue Cheese Dressing,1 ozl,159,15.9g,1.1g,3.2g,0g,0g,1.1g,15.9mg,1.1g,264.5mg,"Vegetarian, Soy, Egg, Milk, Gluten Friendly, Alcohol, Halal"
Cream Cheese,1 each,99,8.9g,2g,5.9g,0g,- g,1g,34.6mg,2g,103.7mg,"Vegetarian, Milk, Gluten Friendly, Halal"
Creamy Caesar Dressing,1 ozl,153,16.3g,1g,3.1g,0g,0g,0g,15.3mg,1g,235mg,"Soy, Egg, Milk, Fish, Gluten Friendly"
Creamy Peanut Butter,2 oz,337,28.4g,12.4g,3.5g,0g,0g,1.8g,0mg,14.2g,0mg,"Vegan, Peanuts, Gluten Friendly, Vegetarian, Halal"
Crushed Red Pepper Flakes,1/6 oz,6,0.3g,1.1g,0.1g,0.5g,0g,0.2g,0mg,0.2g,0.6mg,"Vegan, Gluten Friendly, Vegetarian, Halal"
Extra Virgin Olive Oil,1 ozl,235,26.6g,0g,3.7g,0g,- g,0g,0mg,0g,0.5mg,"Vegan, Gluten Friendly, Vegetarian, Halal"
Follow Your Heart Vegan Caesar Dressing,1 ozl,70,7g,1g,0.5g,0g,0g,0g,0mg,0g,189.9mg,"Vegan, Soy, Gluten Friendly, Alcohol, Vegetarian, Halal"
Follow Your Heart Vegan Ranch Dressing,1 ozl,140,15g,1g,1g,0g,0g,0g,0mg,0g,150mg,"Vegan, Soy, Gluten Friendly, Vegetarian, Halal"
Gluten Free Tamari Soy Sauce,1 oz,19,0g,0g,0g,0g,0g,0g,0mg,3.7g,1712mg,"Vegan, Soy, Gluten Friendly, Alcohol, Vegetarian, Halal"
Grape Jelly,1 each,35,0g,9.2g,0g,0g,0g,9.2g,0mg,0g,10.6mg,"Vegan, Gluten Friendly, Vegetarian, Halal"
Grape Jelly,1 oz,85,0g,19.8g,0g,0g,0g,17g,0mg,0g,0mg,"Vegan, Gluten Friendly, Vegetarian, Halal"
Grated Parmesan Cheese,1 oz,119,7.9g,3.9g,4.4g,0g,0.2g,0g,24.4mg,8.1g,511.4mg,"Vegetarian, Milk, Gluten Friendly, Halal"
Guacamole,1 oz,47,4.7g,1.9g,0.9g,0.9g,0g,0g,0mg,0.9g,122.9mg,"Vegan, Gluten Friendly, Vegetarian, Halal"
Honey Mustard,1 ozl,128,10.9g,5.9g,1.5g,0g,0g,4.9g,9.9mg,0g,148.1mg,"Vegetarian, Soy, Egg, Gluten Friendly, Halal"
Imitation Maple Syrup,1 ozl,81,0g,20.7g,0g,0g,0g,11.1g,0mg,0g,74mg,"Vegan, Gluten Friendly, Vegetarian, Halal"
Ken's Honey Mustard Dressing,1 ozl,149,13.9g,7g,2g,0g,0g,7g,10mg,0g,129.5mg,"Vegetarian, Soy, Egg, Gluten Friendly, Halal"
Ken's Ranch Dressing,1 ozl,127,12.7g,2.9g,1.9g,0g,0g,1g,9.7mg,1g,194.8mg,"Vegetarian, Soy, Egg, Milk, Gluten Friendly, Halal"
Ketchup,1 ozl,30,0g,8.1g,0g,0g,0g,8.1g,0mg,0g,322.4mg,"Vegan, Gluten Friendly, Vegetarian, Halal"
Low-Fat Italian Dressing,1 ozl,109,11.9g,2g,2g,0g,0g,2g,0mg,0g,266.6mg,"Vegan, Soy, Gluten Friendly, Vegetarian, Halal"
Mustard,1 ozl,0,0g,5.9g,0g,0g,0g,0g,0mg,0g,325.9mg,"Vegan, Gluten Friendly, Vegetarian, Halal"
Nutella,1 oz,153,9.2g,16.1g,3.1g,0.8g,0g,16.1g,0mg,1.5g,11.5mg,"Vegetarian, Soy, Milk, Tree Nut, Gluten Friendly, Halal"
Nutritional Yeast,1/4 oz,27,0g,2.4g,- g,1.6g,- g,0g,0mg,3.9g,19.7mg,"Vegan, Gluten Friendly, Vegetarian, Halal"
Orange Marmalade,1 oz,71,0g,18.4g,0g,0g,0g,15.6g,0mg,0g,0mg,"Vegan, Gluten Friendly, Vegetarian, Halal"
Organic Agave Syrup,1/2 ozl,56,0.1g,13.9g,0g,0g,- g,12.4g,0mg,0g,0.7mg,"Vegan, Gluten Friendly, Vegetarian, Halal"
Peanut Butter,1 each,121,10.1g,5.1g,2g,2g,0g,2g,0mg,4.1g,91.1mg,"Vegan, Peanuts, Gluten Friendly, Vegetarian, Halal"
Pepper Plant Hot Sauce,1 tsp,0,0g,0g,0g,0g,0g,0g,0mg,0g,150mg,"Vegan, Gluten Friendly, Vegetarian, Halal"
Pico de Gallo Salsa,1 oz,5,0g,2g,0g,0g,0g,1g,0mg,0g,15.2mg,"Vegan, Gluten Friendly, Vegetarian, Halal"
Plain Cream Cheese,1 oz,99,9.8g,1.6g,5.7g,0g,0.3g,1.1g,28.6mg,1.7g,89mg,"Vegetarian, Milk, Gluten Friendly, Halal"
Salsa Picante,1 oz,10,0g,2g,0g,0g,0g,1g,0mg,0g,197.5mg,"Vegan, Gluten Friendly, Vegetarian, Halal"
Salsa Verde,1 oz,10,0g,2.1g,0g,0.2g,0g,0.8g,0mg,0.2g,373.4mg,"Vegan, Gluten Friendly, Vegetarian, Halal"
Salted Butter,1 each,72,8.1g,0g,5.1g,0g,0.3g,0g,21.5mg,0.1g,64.3mg,"Vegetarian, Milk, Gluten Friendly, Halal"
Salted Butter,1/2 oz,101,11.5g,0g,7.3g,0g,0.5g,0g,30.4mg,0.1g,91mg,"Vegetarian, Milk, Gluten Friendly, Halal"
Sour Cream,1 ozl,75,7.5g,2.5g,4.4g,0g,0g,2.5g,31.1mg,1.2g,31.1mg,"Vegetarian, Milk, Gluten Friendly, Halal"
Sriracha Hot Chili Sauce,1 ozl,32,0.3g,6.7g,- g,0g,- g,4.6g,- mg,0.6g,860mg,"Vegan, Gluten Friendly, Vegetarian, Halal"
Strawberry Jam,2 oz,113,0g,28.4g,0g,0g,0g,22.7g,0mg,0g,0mg,"Vegan, Gluten Friendly, Vegetarian, Halal"
Strawberry Jelly,1 each,36,0g,9.3g,0g,0g,0g,8.6g,0mg,0g,0mg,"Vegan, Gluten Friendly, Vegetarian, Halal"
Strawberry Topping,2 oz,22,0g,6.2g,0g,0.9g,0g,5.3g,0mg,0g,8.9mg,"Vegan, Gluten Friendly, Vegetarian, Halal"
Tabasco Green Pepper Sauce,1 ozl,0,0g,0g,0g,0g,0g,0g,0mg,0g,945.2mg,"Vegan, Gluten Friendly, Vegetarian, Halal"
Thousand Island Dressing,1 ozl,139,12.8g,4.3g,2.1g,0g,0g,4.3g,10.7mg,0g,224.5mg,"Vegetarian, Soy, Egg, Gluten Friendly, Halal"
Unsalted Butter,1/2 oz,101,11.5g,0g,7.1g,0g,0.5g,0g,30.4mg,0.1g,1.6mg,"Vegetarian, Milk, Gluten Friendly, Halal"
Vegan Cream Cheese,1 oz,76,6.6g,3.8g,4.3g,0g,0g,0g,0mg,0g,113.4mg,"Vegan, Tree Nut, Gluten Friendly, Vegetarian, Halal"
Vegan Cream Cheese With Chives,1 oz,60,5g,4g,4.5g,0g,0g,0g,0mg,0g,190mg,"Vegan, Tree Nut, Gluten Friendly, Vegetarian, Halal"
Vegan Mayonnaise,1/2 oz,81,9.1g,0g,0.5g,0g,0g,0g,0mg,0g,76mg,"Vegan, Gluten Friendly, Vegetarian, Halal"
Buttermilk Bread,1 ea,119,1.5g,21.8g,0g,1g,0g,3g,0mg,4g,148.3mg,"Vegetarian, Soy, Milk, Halal"
Cinnamon Raisin Bread,1 ea,93,1.7g,18.5g,0g,1.2g,0g,6.9g,0mg,2.3g,138.9mg,"Vegetarian, Soy, Milk, Halal"
Hamburger Bun,1 ea,190,2g,36g,0.5g,1g,0g,4g,0mg,6g,340mg,"Vegan, Soy, Sesame, Vegetarian, Halal"
Hot Dog Bun,1 ea,130,1.5g,25g,0g,1g,0g,3g,0mg,4g,220mg,"Vegan, Soy, Sesame, Vegetarian, Halal"
Large Sliced Sourdough,1 ea,151,0g,28.1g,0g,0g,0g,0g,0mg,4.3g,291.5mg,"Vegan, Vegetarian, Halal"
Milton's Multigrain Bread,1 ea,119,1g,24.7g,0g,3g,0g,4.9g,0mg,4.9g,138.4mg,"Vegetarian, Soy, Milk, Sesame, Halal"
Nature's Harvest Vegan Whole Wheat Bread,1 ea,60,1g,12g,0g,2g,0g,1g,0mg,3g,120mg,"Vegan, Soy, Vegetarian, Halal"
Rye Bread,1 ea,43,0.8g,7.6g,0g,0.5g,0g,0.5g,0mg,1.6g,102.6mg,"Vegan, Soy, Vegetarian, Halal"
Sara Lee Blueberry Bagel,1 ea,260,2g,51g,0.5g,2g,0g,8g,0mg,9g,360mg,"Vegan, Soy, Sesame, Vegetarian, Halal"
Sara Lee Cinnamon Raisin Bagel,1 ea,260,1.5g,52g,0g,2g,0g,11g,0mg,9g,360mg,"Vegan, Soy, Sesame, Vegetarian, Halal"
Sara Lee Everything Bagel,1 ea,280,3.5g,50g,0.5g,2g,0g,6g,0mg,9g,390mg,"Vegan, Soy, Sesame, Vegetarian, Halal"
Sara Lee Onion Bagel,1 ea,270,1.5g,52g,0g,2g,0g,6g,0mg,9g,400mg,"Vegan, Soy, Sesame, Vegetarian, Halal"
Sara Lee Plain Bagel,1 ea,260,1.5g,51g,0g,2g,0g,6g,0mg,9g,430mg,"Vegan, Soy, Sesame, Vegetarian, Halal"
Sliced White Bread,1 ea,71,1g,14.2g,0g,0g,0g,1g,0mg,2g,136.7mg,"Vegan, Soy, Vegetarian, Halal"
Sourdough English Muffin,1 ea,140,1g,28g,0g,1g,0g,1g,0mg,5g,240mg,"Vegetarian, Soy, Milk, Halal"
Udi's Gluten Free Cinnamon Raisin Bread,2 ea,140,3g,24g,0g,1g,0g,7g,0mg,4g,220mg,"Vegetarian, Egg, Gluten Friendly, Halal"
Udi's Gluten Free Multigrain Bread,1 ea,139,5g,22.8g,0g,1g,0g,3g,0mg,2g,257.9mg,"Vegetarian, Egg, Gluten Friendly, Halal"
Udi's Whole Grain Gluten Free Bread,1 ea,69,2g,10.9g,0g,0.5g,0g,1.5g,0mg,1.5g,133.9mg,"Vegetarian, Egg, Gluten Friendly, Halal"
Wild Rice Cake,1 ea,72,0g,15.4g,0g,1g,0g,0g,0mg,1g,56.5mg,"Vegan, Gluten Friendly, Vegetarian, Halal"
2% Lactose Free Milk,8 ozl,158,8.9g,12.8g,4.9g,0g,0g,11.9g,34.6mg,7.9g,123.4mg,"Vegetarian, Milk, Gluten Friendly, Halal"
Apple Juice,8 ozl,113,0g,27.4g,0g,0g,0g,24.6g,0mg,0g,38.3mg,"Vegan, Gluten Friendly, Vegetarian, Halal"
Califia Gluten Free Oatmilk,8 ozl,142,8.5g,17g,0.9g,0.9g,0g,6.6g,0mg,1.9g,99.3mg,"Vegan, Gluten Friendly, Vegetarian, Halal"
Califia Original Almond Milk,8 ozl,60,3.5g,6g,0g,1g,0g,5g,0mg,1g,160mg,"Vegan, Tree Nut, Gluten Friendly, Vegetarian, Halal"
Chai Tea Concentrate,2 ozl,46,0g,10.9g,0g,0g,0g,10.9g,0mg,0g,0mg,"Vegetarian, Gluten Friendly, Alcohol, Halal"
Cranberry Juice,8 ozl,120,0g,31g,0g,0g,0g,29g,0mg,0g,61.2mg,"Vegan, Gluten Friendly, Vegetarian, Halal"
Dr. Pepper,8 ozl,94,0g,26.2g,0g,0g,0g,25.5g,0mg,0g,36.1mg,"Vegan, Gluten Friendly, Vegetarian, Halal"
Hot Chocolate,8 ozl,119,2g,24.6g,1.9g,0.7g,0g,21.3g,0mg,0.7g,142.7mg,"Vegetarian, Milk, Tree Nut, Halal"
Lemonade,8 ozl,101,0g,26.9g,0g,0g,0g,26.9g,0mg,0g,106.6mg,"Vegan, Gluten Friendly, Vegetarian, Halal"
Lime Bubly,8 ozl,0,0g,0g,0g,0g,0g,0g,0mg,0g,46.2mg,"Vegan, Gluten Friendly, Vegetarian, Halal"
Lipton Unsweetened Black Iced Tea,8 ozl,0,0g,0g,0g,0g,0g,0g,0mg,0g,5.9mg,"Vegan, Gluten Friendly, Vegetarian, Halal"
Mountain Dew,8 ozl,114,0g,29.5g,0g,0g,0g,29.5g,0mg,0g,39.5mg,"Vegan, Gluten Friendly, Vegetarian, Halal"
Nonfat Milk,8 ozl,83,0.2g,12.1g,0.1g,0g,0g,12.1g,4.9mg,8.3g,102.8mg,"Vegetarian, Milk, Gluten Friendly, Halal"
Orange Bubly,8 ozl,0,0g,0g,0g,0g,0g,0g,0mg,0g,46.2mg,"Vegan, Gluten Friendly, Vegetarian, Halal"
Orange Crush,8 ozl,107,0g,29.5g,0g,0g,0g,28.9g,0mg,0g,36.1mg,"Vegan, Gluten Friendly, Vegetarian, Halal"
Orange Juice,8 oz,118,0g,27.6g,0g,1g,0g,21.7g,0mg,2g,35.3mg,"Vegan, Gluten Friendly, Vegetarian, Halal"
Organic French Roast Coffee,8 ozl,0,0g,0g,0g,0g,0g,0g,0mg,0g,7.4mg,"Vegan, Gluten Friendly, Vegetarian, Halal"
Passion Orange Guava Juice,8 ozl,108,0g,27.6g,0g,0g,0g,26.6g,0mg,0g,15.5mg,"Vegan, Gluten Friendly, Vegetarian, Halal"
Pepsi,8 ozl,101,0g,27.5g,0g,0g,0g,27.5g,0mg,0g,26.1mg,"Vegan, Gluten Friendly, Vegetarian, Halal"
Pepsi Zero,8 ozl,0,0g,0g,0g,0g,0g,0g,0mg,0g,49.6mg,"Vegan, Gluten Friendly, Vegetarian, Halal"
Pink Lemonade,8 ozl,101,0g,26.9g,0g,0g,0g,26.9g,0mg,0g,106.6mg,"Vegan, Gluten Friendly, Vegetarian, Halal"
Plain Soy Milk,8 ozl,95,3.8g,7.6g,0.5g,0g,0g,5.7g,0mg,6.6g,113.4mg,"Vegan, Soy, Gluten Friendly, Vegetarian, Halal"
Raspberry Bubly Water,8 ozl,0,0g,0g,0g,0g,0g,0g,0mg,0g,46.2mg,"Vegan, Gluten Friendly, Vegetarian, Halal"
Root Beer,8 ozl,94,0g,25.5g,0g,0g,0g,25.5g,0mg,0g,42.9mg,"Vegan, Gluten Friendly, Vegetarian, Halal"
Starry,8 ozl,101,0g,26.2g,0g,0g,0g,26.2g,0mg,0g,29.4mg,"Vegan, Gluten Friendly, Vegetarian, Halal"
Vanilla Soy Milk,8 ozl,95,3.3g,9.5g,0.5g,0g,0g,6.6g,0mg,5.7g,94.5mg,"Vegan, Soy, Gluten Friendly, Vegetarian, Halal"
Whole Milk,8 ozl,145,7.7g,11.4g,4.4g,0g,0.2g,11.4g,23.7mg,7.5g,101.9mg,"Vegetarian, Milk, Gluten Friendly, Halal"
